/*** Semi 데이터 베이스 스크립트 Ver 4.0 ***/
/* ID : made / PWD : made1708 */

/** 1.0 ver 스크립트 초기화를 위한 테이블 삭제 **/
/*
DROP TABLE MEMBER_TYPE CASCADE CONSTRAINTS;
DROP TABLE MEMBER CASCADE CONSTRAINTS;
DROP TABLE PRODUCT_BOARD CASCADE CONSTRAINTS;
DROP SEQUENCE SEQ_PB;
DROP TABLE RESOURCE_LIST CASCADE CONSTRAINTS;
DROP TABLE NEED_RESOURCE;
DROP TABLE RESOURCE_BOARD;
DROP TABLE ORDER_INFO;
DROP TABLE ORDER_STATUS;
DROP TABLE ORDER_ITEM;
DROP TABLE NOTICE;
DROP TABLE MESSAGE;
*/

/** 1.5 ver 스크립트 초기화를 위한 테이블 삭제 **/
/*
DROP TABLE MEMBER_TYPE CASCADE CONSTRAINTS;
DROP TABLE MEMBER CASCADE CONSTRAINTS;
DROP TABLE MEMBER_ADDR CASCADE CONSTRAINTS;
DROP TRIGGER TR_ADDR CASCADE CONSTRAINTS;
DROP TABLE RSRC_TYPE CASCADE CONSTRAINTS;
DROP TABLE RESOURCE_LIST CASCADE CONSTRAINTS;
DROP SEQUENCE SEQ_RE;
DROP TABLE PRODUCT_BOARD CASCADE CONSTRAINTS;
DROP TABLE NEED_RSRC CASCADE CONSTRAINTS;
DROP TABLE FINISHED_ITEM CASCADE CONSTRAINTS;
DROP TABLE RESOURCE_BOARD CASCADE CONSTRAINTS;
DROP TABLE ORDER_ITEM CASCADE CONSTRAINTS;
DROP TABLE ORDER_INFO CASCADE CONSTRAINTS;
DROP TABLE SHIP_COM CASCADE CONSTRAINTS;
DROP TABLE SHIP_STATUS CASCADE CONSTRAINTS;
DROP TABLE NOTICE CASCADE CONSTRAINTS;
DROP TABLE MESSAGE CASCADE CONSTRAINTS;
DROP TABLE QNA_BOARD CASCADE CONSTRAINTS;
DROP TABLE REQUEST_BOARD CASCADE CONSTRAINTS;
DROP SEQUENCE SEQ_NOTICE;
DROP SEQUENCE SEQ_MSG;
*/

/* 회원 정보 */
DROP TABLE MEMBER 
	CASCADE CONSTRAINTS;

/* 회원 구분 */
DROP TABLE MEMBER_CLASS 
	CASCADE CONSTRAINTS;

/* 쪽지 */
DROP TABLE MESSAGE 
	CASCADE CONSTRAINTS;

/* 주소록 */
DROP TABLE ADDR_BOOK 
	CASCADE CONSTRAINTS;

/* 디자인 의뢰서 */
DROP TABLE REQUEST 
	CASCADE CONSTRAINTS;

/* 공지사항 */
DROP TABLE NOTICE 
	CASCADE CONSTRAINTS;

/* 주문서 */
DROP TABLE ORDER_INFO 
	CASCADE CONSTRAINTS;

/* 주문 상태 */
DROP TABLE ORDER_STATE 
	CASCADE CONSTRAINTS;

/* 부품 판매 게시글 */
DROP TABLE PART 
	CASCADE CONSTRAINTS;
	

/* 디자인 제공 게시글 */
DROP TABLE DESIGN 
	CASCADE CONSTRAINTS;

/* 부품 묶음 */
DROP TABLE PART_SET 
	CASCADE CONSTRAINTS;

/* 카테고리 */
DROP TABLE CATEGORY 
	CASCADE CONSTRAINTS;

/* LIKELIST */
DROP TABLE LIKELIST 
	CASCADE CONSTRAINTS;
       
/* Q&A */
DROP TABLE QA 
	CASCADE CONSTRAINTS;

/* 상품 */
--DROP TABLE PRODUCT 
--	CASCADE CONSTRAINTS;

/* FAQ */
DROP TABLE FAQ 
	CASCADE CONSTRAINTS;
	
/* 카테고리 관계 */
--DROP TABLE CATEGORY_RELATION 
--	CASCADE CONSTRAINTS;

/* 상품 후기 */
DROP TABLE ITEM_REVIEW 
	CASCADE CONSTRAINTS;
       
DROP VIEW VW_ITEM_REVIEW;

/* 공지사항 댓글 */
DROP TABLE NOTICE_REPLY
	CASCADE CONSTRAINTS;

/* 배송 업체 */
DROP TABLE SHIP_COMPANY 
	CASCADE CONSTRAINTS;
       
/* 시퀀스 삭제 */
DROP SEQUENCE SEQ_PART;
DROP SEQUENCE SEQ_DE;
DROP SEQUENCE SEQ_ME;
DROP SEQUENCE SEQ_OR;
DROP SEQUENCE SEQ_REVIEW;

/* 회원 정보 */
CREATE TABLE MEMBER (
	MEMBER_ID VARCHAR2(30) CONSTRAINT PK_MEMBER PRIMARY KEY, /* 아이디 */
	MEMBER_CLASS_CODE VARCHAR2(2) NOT NULL, /* 구분 코드 */
	MEMBER_PASSWORD VARCHAR2(30) NOT NULL, /* 비밀번호 */
	MEMBER_NAME VARCHAR2(30) NOT NULL, /* 이름 */
    MEMBER_EMAIL VARCHAR2(30) NOT NULL, /* 이메일 */
    MEMBER_GENDER VARCHAR2(3) NOT NULL, /* 성별 */
	MEMBER_BIRTHDAY DATE NOT NULL, /* 생년월일 */
	MEMBER_PHONE VARCHAR2(30) NOT NULL, /* 전화번호 */
	MEMBER_ADDRESS VARCHAR2(300) NOT NULL, /* 주소 */
	MEMBER_SIGN_DATE DATE DEFAULT SYSDATE, /* 가입일 */
	MEMBER_PROFILE_IMG VARCHAR2(50), /* 프로필 이미지 */
	MEMBER_POINT NUMBER NOT NULL, /* 포인트 */
	MEMBER_NICKNAME VARCHAR2(30) NOT NULL /* 별명 */
);

COMMENT ON TABLE MEMBER IS '회원 정보';

COMMENT ON COLUMN MEMBER.MEMBER_ID IS '아이디';

COMMENT ON COLUMN MEMBER.MEMBER_CLASS_CODE IS '구분 코드';

COMMENT ON COLUMN MEMBER.MEMBER_PASSWORD IS '비밀번호';

COMMENT ON COLUMN MEMBER.MEMBER_NAME IS '이름';

COMMENT ON COLUMN MEMBER.MEMBER_GENDER IS '성별';

COMMENT ON COLUMN MEMBER.MEMBER_BIRTHDAY IS '생년월일';

COMMENT ON COLUMN MEMBER.MEMBER_EMAIL IS '이메일';

COMMENT ON COLUMN MEMBER.MEMBER_PHONE IS '전화번호';

COMMENT ON COLUMN MEMBER.MEMBER_ADDRESS IS '주소';

COMMENT ON COLUMN MEMBER.MEMBER_SIGN_DATE IS '가입일';

COMMENT ON COLUMN MEMBER.MEMBER_PROFILE_IMG IS '프로필 이미지';

COMMENT ON COLUMN MEMBER.MEMBER_POINT IS '누적 포인트';

COMMENT ON COLUMN MEMBER.MEMBER_NICKNAME IS '별명';


/* 회원 구분 */
CREATE TABLE MEMBER_CLASS (
	MEMBER_CLASS_CODE VARCHAR2(2) CONSTRAINT PK_MEMBER_CLASS PRIMARY KEY, /* 구분 코드 */
	MEMBER_CLASS_NAME VARCHAR(20) NOT NULL /* 구분 명칭 */
);

COMMENT ON TABLE MEMBER_CLASS IS '회원 구분';

COMMENT ON COLUMN MEMBER_CLASS.MEMBER_CLASS_CODE IS '구분 코드';

COMMENT ON COLUMN MEMBER_CLASS.MEMBER_CLASS_NAME IS '구분 명칭';


/* 쪽지 */
CREATE TABLE MESSAGE (
	MESSAGE_CODE VARCHAR2(14) CONSTRAINT PK_MESSAGE	PRIMARY KEY, /* 쪽지 코드 */
	MESSAGE_TITLE VARCHAR2(300) NOT NULL, /* 쪽지 제목 */
       MESSAGE_SENDER_ID VARCHAR2(30) NOT NULL, /* 보낸 아이디 */
	MESSAGE_RECIPIENT_ID VARCHAR2(30) NOT NULL, /* 받는 아이디 */
	MESSAGE_CONTENTS VARCHAR2(3000) NOT NULL, /* 내용 */
	MESSAGE_DATE DATE NOT NULL /* 작성일 */
);

COMMENT ON TABLE MESSAGE IS '쪽지';

COMMENT ON COLUMN MESSAGE.MESSAGE_CODE IS '쪽지 코드';

COMMENT ON COLUMN MESSAGE.MESSAGE_TITLE IS '쪽지제목';

COMMENT ON COLUMN MESSAGE.MESSAGE_SENDER_ID IS '보낸 아이디';

COMMENT ON COLUMN MESSAGE.MESSAGE_RECIPIENT_ID IS '받는 아이디';

COMMENT ON COLUMN MESSAGE.MESSAGE_CONTENTS IS '내용';

COMMENT ON COLUMN MESSAGE.MESSAGE_DATE IS '작성일';

/* 주소록 */
CREATE TABLE ADDR_BOOK (
	ADDR_BOOK_NAME VARCHAR2(300) CONSTRAINT PK_ADDR_BOOK PRIMARY KEY, /* 주소록 명칭 */
	MEMBER_ID VARCHAR2(30) NOT NULL, /* 아이디 */
	ADDR_BOOK_ADDR VARCHAR2(300) NOT NULL, /* 주소 */
	ADDR_BOOK_POST VARCHAR2(300) NOT NULL, /* 우편 번호 */
	ADDR_BOOK_RECIPIENT VARCHAR2(300) NOT NULL, /* 받는이 */
	ADDR_BOOK_PHONE VARCHAR2(300) NOT NULL /* 전화번호 */
);

COMMENT ON TABLE ADDR_BOOK IS '주소록';

COMMENT ON COLUMN ADDR_BOOK.ADDR_BOOK_NAME IS '주소록 명칭';

COMMENT ON COLUMN ADDR_BOOK.MEMBER_ID IS '아이디';

COMMENT ON COLUMN ADDR_BOOK.ADDR_BOOK_ADDR IS '주소';

COMMENT ON COLUMN ADDR_BOOK.ADDR_BOOK_POST IS '우편 번호';

COMMENT ON COLUMN ADDR_BOOK.ADDR_BOOK_RECIPIENT IS '받는이';

COMMENT ON COLUMN ADDR_BOOK.ADDR_BOOK_PHONE IS '전화번호';

/* 디자인 의뢰서 */
CREATE TABLE REQUEST (
	REQUEST_CODE VARCHAR2(14) NOT NULL, /* 의뢰서 코드 */
	MEMBER_ID VARCHAR2(30) NOT NULL, /* 아이디 */
	REQUEST_TITLE VARCHAR2(300) NOT NULL, /* 제목 */
	REQUEST_DATE DATE NOT NULL, /* 작성일 */
	REQUEST_CONTENTS VARCHAR2(3000) NOT NULL, /* 내용 */
	REQUEST_FILE VARCHAR2(50) NOT NULL /* 첨부 파일 */
);

COMMENT ON TABLE REQUEST IS '디자인 의뢰서';

COMMENT ON COLUMN REQUEST.REQUEST_CODE IS '의뢰서 코드';

COMMENT ON COLUMN REQUEST.MEMBER_ID IS '아이디';

COMMENT ON COLUMN REQUEST.REQUEST_TITLE IS '제목';

COMMENT ON COLUMN REQUEST.REQUEST_DATE IS '작성일';

COMMENT ON COLUMN REQUEST.REQUEST_CONTENTS IS '내용';

COMMENT ON COLUMN REQUEST.REQUEST_FILE IS '첨부 파일';

CREATE UNIQUE INDEX PK_REQUEST
	ON REQUEST (
		REQUEST_CODE ASC
	);

ALTER TABLE REQUEST
	ADD
		CONSTRAINT PK_REQUEST
		PRIMARY KEY (
			REQUEST_CODE
		);

/* 공지사항 */
CREATE TABLE NOTICE (
	NOTICE_CODE VARCHAR2(14) CONSTRAINT PK_NOTICE PRIMARY KEY, /* 공지사항 코드 */
	NOTICE_TITLE VARCHAR2(300) NOT NULL, /* 제목 */
	NOTICE_CONTENTS VARCHAR2(3000) NOT NULL, /* 내용 */
	NOTICE_DATE DATE NOT NULL, /* 작성일 */
	NOTICE_IMG VARCHAR2(50) /* 이미지 */
);

COMMENT ON TABLE NOTICE IS '공지사항';

COMMENT ON COLUMN NOTICE.NOTICE_CODE IS '공지사항 코드';

COMMENT ON COLUMN NOTICE.NOTICE_TITLE IS '제목';

COMMENT ON COLUMN NOTICE.NOTICE_CONTENTS IS '내용';

COMMENT ON COLUMN NOTICE.NOTICE_DATE IS '작성일';

COMMENT ON COLUMN NOTICE.NOTICE_IMG IS '이미지';


/* 주문 상태 */
CREATE TABLE ORDER_STATE (
	ORDER_STATE_CODE VARCHAR2(14) CONSTRAINT PK_ORDER_STATE	PRIMARY KEY, /* 상태 코드 */
	ORDER_STATE_NAME VARCHAR2(30) NOT NULL /* 상태 명칭 */
);

COMMENT ON TABLE ORDER_STATE IS '주문 상태';

COMMENT ON COLUMN ORDER_STATE.ORDER_STATE_CODE IS '상태 코드';

COMMENT ON COLUMN ORDER_STATE.ORDER_STATE_NAME IS '상태 명칭';

INSERT INTO ORDER_STATE VALUES('A', '결제완료');
INSERT INTO ORDER_STATE VALUES('B', '배송 중');
INSERT INTO ORDER_STATE VALUES('C', '배송 완료');

/* 카테고리 */
CREATE TABLE CATEGORY (
	CATEGORY_CODE VARCHAR2(10) CONSTRAINT PK_CATEGORY PRIMARY KEY, /* 카테고리 코드 */
	CATEGORY_NAME VARCHAR2(30) NOT NULL /* 카테고리 명칭 */
);

COMMENT ON TABLE CATEGORY IS '카테고리';
COMMENT ON COLUMN CATEGORY.CATEGORY_CODE IS '카테고리 코드';
COMMENT ON COLUMN CATEGORY.CATEGORY_NAME IS '카테고리 명칭';


/* 부품 판매 게시글 */
CREATE TABLE PART (
	PART_CODE VARCHAR2(14) CONSTRAINT PK_PART	PRIMARY KEY, /* 부품 코드 */
	PART_TITLE VARCHAR2(300) NOT NULL, /* 제목(부품 명칭) */
       PART_CATEGORY VARCHAR2(10),
	PART_DATE DATE NOT NULL, /* 작성일 */
	PART_PRICE NUMBER NOT NULL, /* 가격 */
	PART_STOCK NUMBER NOT NULL, /* 재고 */
	PART_CONTENTS VARCHAR2(3000) NOT NULL, /* 내용 */
	PART_IMG VARCHAR2(50) NOT NULL, /* 이미지 */
       PART_COUNT NUMBER NOT NULL,  /* 부품 조회수 */
       CONSTRAINT FK_PT_CATEGORY FOREIGN KEY(PART_CATEGORY) REFERENCES CATEGORY
);

COMMENT ON TABLE PART IS '부품게시글';

COMMENT ON COLUMN PART.PART_CODE IS '부품 코드';

COMMENT ON COLUMN PART.PART_TITLE IS '제목(부품 명칭)';
COMMENT ON COLUMN PART.PART_CATEGORY IS '자재분류';

COMMENT ON COLUMN PART.PART_DATE IS '작성일';

COMMENT ON COLUMN PART.PART_PRICE IS '가격';

COMMENT ON COLUMN PART.PART_STOCK IS '재고';

COMMENT ON COLUMN PART.PART_CONTENTS IS '내용';

COMMENT ON COLUMN PART.PART_IMG IS '이미지';
COMMENT ON COLUMN PART.PART_COUNT IS '조회수';

/* 디자인 제공 게시글 */
CREATE TABLE DESIGN (
	DESIGN_CODE VARCHAR2(14) CONSTRAINT PK_DESIGN PRIMARY KEY, /* 디자인 코드 */
	DESIGN_TITLE VARCHAR2(300) NOT NULL, /* 제목 */
       DESIGN_CATEGORY VARCHAR2(10),  /* 디자인 카테고리 */
	DESIGN_DATE DATE NOT NULL, /* 작성일 */
	DESIGN_CONTENTS VARCHAR2(3000) NOT NULL, /* 내용 */
	DESIGN_PRICE NUMBER NOT NULL, /* 가격 */
	DESIGN_IMG VARCHAR2(50) NOT NULL, /* 이미지 */
	MEMBER_ID VARCHAR2(30), /* 디자이너 */
       DESIGN_COUNT NUMBER NOT NULL,  /* 디자인 된 조회수 */
       CONSTRAINT FK_DE_CATEGORY FOREIGN KEY(DESIGN_CATEGORY) REFERENCES CATEGORY
);

COMMENT ON TABLE DESIGN IS '디자인게시글';

COMMENT ON COLUMN DESIGN.DESIGN_CODE IS '디자인 코드';

COMMENT ON COLUMN DESIGN.DESIGN_TITLE IS '제목';
COMMENT ON COLUMN DESIGN.DESIGN_CATEGORY IS '자재분류';

COMMENT ON COLUMN DESIGN.DESIGN_DATE IS '작성일';

COMMENT ON COLUMN DESIGN.DESIGN_CONTENTS IS '내용';

COMMENT ON COLUMN DESIGN.DESIGN_PRICE IS '가격';

COMMENT ON COLUMN DESIGN.DESIGN_IMG IS '이미지';

COMMENT ON COLUMN DESIGN.MEMBER_ID IS '디자이너';
COMMENT ON COLUMN DESIGN.DESIGN_COUNT IS '조회수';

/* 주문서 */
CREATE TABLE ORDER_INFO (
	ORDER_CODE VARCHAR2(14) CONSTRAINT PK_ORDER PRIMARY KEY, /* 주문 코드 */
	MEMBER_ID VARCHAR2(30) NOT NULL, /* 아이디 */
	ORDER_DATE DATE NOT NULL, /* 주문일 */
       ORDER_COUNT NUMBER, /* 주문 갯수 */
	ORDER_POINT NUMBER, /* 주문별 포인트 */
	ORDER_STATE_CODE VARCHAR2(10) NOT NULL, /* 상태 코드 */
	SHIP_COMPANY_NAME VARCHAR2(30), /* 배송 업체명 */
	ORDER_SHIP_CODE VARCHAR2(30), /* 운송장 번호 */
       DESIGN_CODE VARCHAR2(14), /* 디자인 코드 */
       PART_CODE VARCHAR2(14), /* 부품 코드 */
--       ORDER_PRICE NUMBER, /* 구매 가격 */
--       DESIGN_FULL VARCHAR2(3) CONSTRAINT CK_DESIGNFULL CHECK (DESIGN_FULL IN('Y', 'N')),
       CONSTRAINT FK_DE_CODE FOREIGN KEY(DESIGN_CODE) REFERENCES DESIGN,
       CONSTRAINT FK_PT_CODE FOREIGN KEY(PART_CODE) REFERENCES PART
);

COMMENT ON TABLE ORDER_INFO IS '주문서';

COMMENT ON COLUMN ORDER_INFO.ORDER_CODE IS '주문 코드';

COMMENT ON COLUMN ORDER_INFO.MEMBER_ID IS '아이디';

COMMENT ON COLUMN ORDER_INFO.ORDER_DATE IS '주문일';

COMMENT ON COLUMN ORDER_INFO.ORDER_COUNT IS '주문 갯수';

COMMENT ON COLUMN ORDER_INFO.ORDER_POINT IS '주문별 포인트';

COMMENT ON COLUMN ORDER_INFO.ORDER_STATE_CODE IS '상태 코드';

COMMENT ON COLUMN ORDER_INFO.SHIP_COMPANY_NAME IS '배송 업체명';

COMMENT ON COLUMN ORDER_INFO.ORDER_SHIP_CODE IS '운송장 번호';

COMMENT ON COLUMN ORDER_INFO.DESIGN_CODE IS '디자인 코드';

COMMENT ON COLUMN ORDER_INFO.PART_CODE IS '부품 코드';

/* 부품 묶음 */
CREATE TABLE PART_SET (
	DESIGN_CODE VARCHAR2(14) NOT NULL, /* 디자인 코드 */
	PART_CODE VARCHAR2(14) NOT NULL, /* 부품 코드 */
    QUANTITY NUMBER     /* 부품 갯수 */
);

COMMENT ON TABLE PART_SET IS '부품 묶음';

COMMENT ON COLUMN PART_SET.DESIGN_CODE IS '디자인 코드';

COMMENT ON COLUMN PART_SET.PART_CODE IS '부품 코드';
COMMENT ON COLUMN PART_SET.QUANTITY IS '소비수량';

/* Q&A */
SET ESCAPE ON;

CREATE TABLE QA (
	QA_CODE VARCHAR2(14) CONSTRAINT PK_QA PRIMARY KEY, /* 문의사항 코드 */
	MEMBER_ID VARCHAR2(30) NOT NULL, /* 아이디 */
	QA_TITLE VARCHAR2(300) NOT NULL, /* 제목 */
	QA_CONTENTS VARCHAR2(3000) NOT NULL, /* 내용 */
	QA_DATE DATE NOT NULL, /* 작성일 */
	QA_IMG VARCHAR2(50), /* 이미지 */
	QA_ANSWER VARCHAR2(3000) /* 답변 */
);

COMMENT ON TABLE QA IS 'Q\&A';
COMMENT ON COLUMN QA.QA_CODE IS '공지코드';
COMMENT ON COLUMN QA.MEMBER_ID IS '아이디';
COMMENT ON COLUMN QA.QA_TITLE IS '제목';
COMMENT ON COLUMN QA.QA_CONTENTS IS '내용';
COMMENT ON COLUMN QA.QA_DATE IS '작성일';
COMMENT ON COLUMN QA.QA_IMG IS '이미지';
COMMENT ON COLUMN QA.QA_ANSWER IS '답변';

/* FAQ */
CREATE TABLE FAQ (
	FAQ_CODE VARCHAR2(14) CONSTRAINT PK_FAQ PRIMARY KEY, /* FAQ 코드 */
	FAQ_TITLE VARCHAR2(300) NOT NULL, /* 제목 */
	FAQ_CONTENT VARCHAR2(500) NOT NULL, /* 내용 */
	FAQ_CONTENTS DATE NOT NULL, /* 작성일 */
	FAQ_IMG VARCHAR2(50) /* 이미지 */
);

COMMENT ON TABLE FAQ IS 'FAQ';

COMMENT ON COLUMN FAQ.FAQ_CODE IS 'FAQ 코드';

COMMENT ON COLUMN FAQ.FAQ_TITLE IS '제목';

COMMENT ON COLUMN FAQ.FAQ_CONTENT IS '내용';

COMMENT ON COLUMN FAQ.FAQ_CONTENTS IS '작성일';

COMMENT ON COLUMN FAQ.FAQ_IMG IS '이미지';
--
--/* 카테고리 관계 */
--CREATE TABLE CATEGORY_RELATION (
--	CATEGORY_CODE VARCHAR2(10) NOT NULL, /* 카테고리 코드 */
--	DESIGN_CODE VARCHAR2(10), /* 디자인 코드 */
--	PART_CODE VARCHAR2(10) /* 부품 코드 */
--);
--
--COMMENT ON TABLE CATEGORY_RELATION IS '카테고리 관계';
--
--COMMENT ON COLUMN CATEGORY_RELATION.CATEGORY_CODE IS '카테고리 코드';
--
--COMMENT ON COLUMN CATEGORY_RELATION.DESIGN_CODE IS '디자인 코드';
--
--COMMENT ON COLUMN CATEGORY_RELATION.PART_CODE IS '부품 코드';

/* 배송 업체 */
CREATE TABLE SHIP_COMPANY (
	SHIP_COMPANY_NAME VARCHAR2(30) CONSTRAINT PK_SHIP_COMPANY PRIMARY KEY, /* 배송 업체명 */
	SHIP_COMPANY_URL VARCHAR2(100) /* 배송 업체 URL */
);

COMMENT ON TABLE SHIP_COMPANY IS '배송 업체';

COMMENT ON COLUMN SHIP_COMPANY.SHIP_COMPANY_NAME IS '배송 업체명';

COMMENT ON COLUMN SHIP_COMPANY.SHIP_COMPANY_URL IS '업체 URL';

/* 찜 목록 */
CREATE TABLE LIKELIST(
MEMBER_ID VARCHAR2(30) NOT NULL,
DESIGN_CODE VARCHAR2(14),
PART_CODE VARCHAR2(14),
CONSTRAINT FK_LL_MEMID FOREIGN KEY(MEMBER_ID) REFERENCES MEMBER ON DELETE CASCADE,
CONSTRAINT FK_LL_DECODE FOREIGN KEY(DESIGN_CODE) REFERENCES DESIGN ON DELETE CASCADE,
CONSTRAINT FK_LL_PACODE FOREIGN KEY(PART_CODE) REFERENCES PART ON DELETE CASCADE
);

COMMENT ON COLUMN LIKELIST.MEMBER_ID IS '유저ID';
COMMENT ON COLUMN LIKELIST.DESIGN_CODE IS '디자인코드';
COMMENT ON COLUMN LIKELIST.PART_CODE IS '부품코드';

/* 상품 후기 */
CREATE TABLE ITEM_REVIEW(
REVIEW_CODE VARCHAR2(14) CONSTRAINT PK_REVIEW PRIMARY KEY,
PART_CODE VARCHAR2(14),
DESIGN_CODE VARCHAR2(14),
MEMBER_ID VARCHAR2(30),
REVIEW_CONTENT VARCHAR2(3000),
REVIEW_DATE DATE DEFAULT SYSDATE,

CONSTRAINT FK_REVIEW_PACODE FOREIGN KEY(PART_CODE) REFERENCES PART ON DELETE CASCADE,
CONSTRAINT FK_REVIEW_DECODE FOREIGN KEY(DESIGN_CODE) REFERENCES DESIGN ON DELETE CASCADE,
CONSTRAINT FK_REVIEW_MEMID FOREIGN KEY(MEMBER_ID) REFERENCES MEMBER ON DELETE CASCADE
);

COMMENT ON COLUMN ITEM_REVIEW.REVIEW_CODE IS '리뷰코드';
COMMENT ON COLUMN ITEM_REVIEW.PART_CODE IS '부품코드';
COMMENT ON COLUMN ITEM_REVIEW.DESIGN_CODE IS '디자인코드';
COMMENT ON COLUMN ITEM_REVIEW.MEMBER_ID IS '사용자ID';
COMMENT ON COLUMN ITEM_REVIEW.REVIEW_CONTENT IS '리뷰내용';
COMMENT ON COLUMN ITEM_REVIEW.REVIEW_DATE IS '리뷰일자';

/* 공지사항 댓글 */
CREATE TABLE NOTICE_REPLY(
NOTICE_CODE VARCHAR2(14),
REPLY_CODE VARCHAR2(14),
MEMBER_ID VARCHAR2(30),
MEMBER_IMG VARCHAR2(30),
REPLY_CONTENT VARCHAR2(3000),
REPLY_DATE DATE DEFAULT SYSDATE,
CONSTRAINT FK_NORPLY_CODE FOREIGN KEY(NOTICE_CODE) REFERENCES NOTICE ON DELETE CASCADE,
CONSTRAINT FK_NORPLY_MEMID FOREIGN KEY(MEMBER_ID) REFERENCES MEMBER ON DELETE CASCADE
);

COMMENT ON COLUMN NOTICE_REPLY.NOTICE_CODE IS '공지 CODE';
COMMENT ON COLUMN NOTICE_REPLY.REPLY_CODE IS '댓글 CODE';
COMMENT ON COLUMN NOTICE_REPLY.MEMBER_ID IS '사용자ID';
COMMENT ON COLUMN NOTICE_REPLY.MEMBER_IMG IS '사용자IMG';
COMMENT ON COLUMN NOTICE_REPLY.REPLY_CONTENT IS '답글 내용';
COMMENT ON COLUMN NOTICE_REPLY.REPLY_DATE IS '답글 작성일';

/* REVIEW 전용 VIEW 생성 */
CREATE OR REPLACE VIEW VW_ITEM_REVIEW AS
SELECT REVIEW_CODE,PART_CODE,DESIGN_CODE,MEMBER_ID,MEMBER_PROFILE_IMG,REVIEW_CONTENT,REVIEW_DATE  FROM MEMBER
JOIN ITEM_REVIEW USING(MEMBER_ID) ORDER BY REVIEW_DATE DESC;

ALTER TABLE MEMBER
	ADD
		CONSTRAINT FK_MEMBER_CLASS
		FOREIGN KEY (
			MEMBER_CLASS_CODE
		)
		REFERENCES MEMBER_CLASS (
			MEMBER_CLASS_CODE
		);

ALTER TABLE MESSAGE
	ADD
		CONSTRAINT FK_MSG_SEND
		FOREIGN KEY (
			MESSAGE_SENDER_ID
		)
		REFERENCES MEMBER (
			MEMBER_ID
		);

ALTER TABLE MESSAGE
	ADD
		CONSTRAINT FK_MSG_RICV
		FOREIGN KEY (
			MESSAGE_RECIPIENT_ID
		)
		REFERENCES MEMBER (
			MEMBER_ID
		);

ALTER TABLE ADDR_BOOK
	ADD
		CONSTRAINT FK_ADDRBK_MEMBER
		FOREIGN KEY (
			MEMBER_ID
		)
		REFERENCES MEMBER (
			MEMBER_ID
		);

ALTER TABLE REQUEST
	ADD
		CONSTRAINT FK_REQUEST_MEMBER
		FOREIGN KEY (
			MEMBER_ID
		)
		REFERENCES MEMBER (
			MEMBER_ID
		);

ALTER TABLE ORDER_INFO
	ADD
		CONSTRAINT FK_ORDER_MEMBER
		FOREIGN KEY (
			MEMBER_ID
		)
		REFERENCES MEMBER (
			MEMBER_ID
		);

ALTER TABLE ORDER_INFO
	ADD
		CONSTRAINT FK_ORDER_STATE
		FOREIGN KEY (
			ORDER_STATE_CODE
		)
		REFERENCES ORDER_STATE (
			ORDER_STATE_CODE
		);

ALTER TABLE ORDER_INFO
	ADD
		CONSTRAINT FK_ORDER_SHIPCOM
		FOREIGN KEY (
			SHIP_COMPANY_NAME
		)
		REFERENCES SHIP_COMPANY (
			SHIP_COMPANY_NAME
		);

ALTER TABLE DESIGN
	ADD
		CONSTRAINT FK_DE_MEMBER
		FOREIGN KEY (
			MEMBER_ID
		)
		REFERENCES MEMBER (
			MEMBER_ID
		);

ALTER TABLE PART_SET
	ADD
		CONSTRAINT FK_PSET_DESIGN
		FOREIGN KEY (
			DESIGN_CODE
		)
		REFERENCES DESIGN (
			DESIGN_CODE
		) ON DELETE CASCADE;

ALTER TABLE PART_SET
	ADD
		CONSTRAINT FK_PSET_PART
		FOREIGN KEY (
			PART_CODE
		)
		REFERENCES PART (
			PART_CODE
		) ON DELETE CASCADE;

ALTER TABLE QA
	ADD
		CONSTRAINT FK_MEMBER_TO_QA
		FOREIGN KEY (
			MEMBER_ID
		)
		REFERENCES MEMBER (
			MEMBER_ID
		);

--ALTER TABLE PRODUCT
--	ADD
--		CONSTRAINT FK_PRO_ORDER
--		FOREIGN KEY (
--			ORDER_CODE
--		)
--		REFERENCES ORDER_INFO (
--			ORDER_CODE
--		);
--
--ALTER TABLE PRODUCT
--	ADD
--		CONSTRAINT FK_PRO_DESIGN
--		FOREIGN KEY (
--			DESIGN_CODE
--		)
--		REFERENCES DESIGN (
--			DESIGN_CODE
--		);
--
--ALTER TABLE PRODUCT
--	ADD
--		CONSTRAINT FK_PRO_PART
--		FOREIGN KEY (
--			PART_CODE
--		)
--		REFERENCES PART (
--			PART_CODE
--		);

--ALTER TABLE CATEGORY_RELATION
--	ADD
--		CONSTRAINT FK_CR_CATEGORY
--		FOREIGN KEY (
--			CATEGORY_CODE
--		)
--		REFERENCES CATEGORY (
--			CATEGORY_CODE
--		);
--
--ALTER TABLE CATEGORY_RELATION
--	ADD
--		CONSTRAINT FK_CR_DESIGN
--		FOREIGN KEY (
--			DESIGN_CODE
--		)
--		REFERENCES DESIGN (
--			DESIGN_CODE
--		);
--
--ALTER TABLE CATEGORY_RELATION
--	ADD
--		CONSTRAINT FK_CR_PART
--		FOREIGN KEY (
--			PART_CODE
--		)
--		REFERENCES PART (
--			PART_CODE
--		);
              
/* 회원 정보 추가 */
INSERT INTO MEMBER_CLASS VALUES('A','관리자');
INSERT INTO MEMBER_CLASS VALUES('D','디자이너');
INSERT INTO MEMBER_CLASS VALUES('C','소비자');

INSERT INTO MEMBER VALUES('admin','A','admin','관리자','admin@iei.or.kr','남',
TO_DATE('1999-01-01','RRRR-MM-DD'),'010-5688-2293','10332,서울,강남구 역삼동', SYSDATE, 'admin.jpg',
99999,'관리자');
INSERT INTO MEMBER VALUES('design11','D','pass11','유정훈','aaaa@iei.or.kr','남',
TO_DATE('1999-02-10','RRRR-MM-DD'),'010-5688-2293','30221,서울시,강남구 역삼동', SYSDATE, 'default_image2.jpg',
90000,'유사장');
INSERT INTO MEMBER VALUES('design22','D','pass22','김성권','ksk8948@iei.or.kr','남',
TO_DATE('1999-02-10','RRRR-MM-DD'),'010-3908-1072','30221,서울시,강남구 역삼동', SYSDATE, 'emilla.jpg',
90000,'김대리');
INSERT INTO MEMBER VALUES('user11','C','pass11','나상민','sm9171@iei.or.kr','남',
TO_DATE('1999-02-10','RRRR-MM-DD'),'010-6263-1960','30221,서울시,강남구 역삼동', SYSDATE, 'nasang.jpg',
90000,'나과장');
INSERT INTO MEMBER VALUES('user22','C','pass22','임현상','cuhpepcekr@iei.or.kr','남',
TO_DATE('1999-02-10','RRRR-MM-DD'),'010-3233-7153','30221,서울시,강남구 역삼동', SYSDATE, 'default_image.jpg',
90000,'본부장');
INSERT INTO MEMBER VALUES('user33','C','pass33','정진모','jjm9290@iei.or.kr','남',
TO_DATE('1999-02-10','RRRR-MM-DD'),'010-9504-9598','30221,서울시,강남구 역삼동', SYSDATE, 'jjm.jpg',
90000,'정대리');
INSERT INTO MEMBER VALUES('maxy','C','pass44','김막시','maxy@iei.or.kr','여',
TO_DATE('1999-05-15','RRRR-MM-DD'),'010-0101-1234','10020,서울,OO구 ㅁㅁ동', SYSDATE, 'sg.jpg',
00000,'막시멈');
INSERT INTO MEMBER VALUES('user44','C','pass44','고감동','gamdong@iei.or.kr','여',
TO_DATE('2002-05-03','RRRR-MM-DD'),'010-0001-1110','60420,전주시,덕진구 효자동', SYSDATE, 'zzuwie.jpg',
00000,'감동');
INSERT INTO MEMBER VALUES('user55','C','pass55','고길동','gildong@iei.or.kr','남',
TO_DATE('1970-10-24','RRRR-MM-DD'),'010-4353-2233','10203,서울,OO구 XX동', SYSDATE, 'default_image.jpg',
10010,'둘리너무해');
INSERT INTO MEMBER VALUES('user66','C','pass66','김철수','steel@iei.or.kr','남',
TO_DATE('2000-10-20','RRRR-MM-DD'),'010-1110-1010','10213,서울,OO구 XX동', SYSDATE, 'default_image.jpg',
90,'철수김철수');
INSERT INTO MEMBER VALUES('user77','C','pass77','유심청','simchung@iei.or.kr','여',
TO_DATE('1998-02-22','RRRR-MM-DD'),'010-1111-9764','39784,대전,OO구 XX동', SYSDATE, 'default_image.jpg',
940,'3백석');
INSERT INTO MEMBER VALUES('user88','C','pass88','하이모','himo@iei.or.kr','남',
TO_DATE('2002-07-30','RRRR-MM-DD'),'010-2322-14242','24333,서울,OO구 XX동', SYSDATE, 'default_image.jpg',
790,'머머리');
INSERT INTO MEMBER VALUES('user99','C','pass99','유상철','shark@iei.or.kr','남',
TO_DATE('2002-07-30','RRRR-MM-DD'),'010-7722-3349','97203,서울,OO구 XX동', SYSDATE, 'default_image.jpg',
350,'유상어');
INSERT INTO MEMBER VALUES('user10','C','pass10','안정환','aragon@iei.or.kr','남',
TO_DATE('2002-07-30','RRRR-MM-DD'),'010-7722-3349','97203,서울,OO구 XX동', SYSDATE, 'default_image.jpg',
500,'아라곤');
INSERT INTO MEMBER VALUES('design33','D','pass33','이천수','chsulee@iei.or.kr','남',
TO_DATE('2002-07-30','RRRR-MM-DD'),'010-4444-6666','03303,서울,OO구 XX동', SYSDATE, 'default_image.jpg',
100,'욕쟁이삼촌');
INSERT INTO MEMBER VALUES('design44','D','pass44','김흥국','hk413@iei.or.kr','남',
TO_DATE('2002-07-30','RRRR-MM-DD'),'010-2342-3434','91111,서울,OO구 XX동', SYSDATE, 'default_image.jpg',
220,'으아들이대');

/*  Member 분류 에러 테스트
INSERT INTO MEMBER VALUES('test','F','test','TEST',TO_DATE('2002-07-30','RRRR-MM-DD'),
'TEST@iei.or.kr','010-2334-3433','97203,서울,OO구 XX동', SYSDATE, 'default.jpg',
99099,'TEST');
*/
--
--select * from MEMBER_CLASS;
--select * from MEMBER;
--commit;

/* 카테고리 추가 */

/* 카테고리 */
INSERT INTO CATEGORY VALUES('WOOD','목재');
INSERT INTO CATEGORY VALUES('STEEL','철재');
INSERT INTO CATEGORY VALUES('PLASTIC','플라스틱');
INSERT INTO CATEGORY VALUES('ETC','기타');

/* 자재 추가 */

CREATE SEQUENCE SEQ_PART
       START WITH 1
       INCREMENT BY 1
       MAXVALUE 99
       MINVALUE 0
       NOCACHE
       CYCLE;

CREATE SEQUENCE SEQ_DE
       START WITH 1
       INCREMENT BY 1
       MAXVALUE 99
       MINVALUE 0
       NOCACHE
       CYCLE;
       
CREATE SEQUENCE SEQ_OR
       START WITH 1
       INCREMENT BY 1
       MAXVALUE 99
       MINVALUE 0
       NOCACHE
       CYCLE;
       
CREATE SEQUENCE SEQ_REVIEW
       START WITH 1
       INCREMENT BY 1
       MAXVALUE 99
       MINVALUE 0
       NOCACHE
       CYCLE;
       
/* 부품 판매 게시글 */

INSERT INTO PART VALUES('PA'||TO_CHAR(TO_DATE('1707101335','RRMMDDHH24MI'),'RRMMDDHH24MI')||LPAD(1,2,'0'),'목재 80X50cm','WOOD',TO_DATE('1707101335','RRMMDDHH24MI'),1500,10,'기본 목재 샘플1','default_wood1.jpg',0);
INSERT INTO PART VALUES('PA'||TO_CHAR(TO_DATE('1707121425','RRMMDDHH24MI'),'RRMMDDHH24MI')||LPAD(1,2,'0'),'목재 120X80cm','WOOD',TO_DATE('1707121425','RRMMDDHH24MI'),1800,15,'기본 목재 샘플2','default_wood2.jpg',0);
INSERT INTO PART VALUES('PA'||TO_CHAR(TO_DATE('1707121610','RRMMDDHH24MI'),'RRMMDDHH24MI')||LPAD(1,2,'0'),'4x8 시트 플라스틱 골판지','PLASTIC',TO_DATE('1707121635','RRMMDDHH24MI'),20000,120,'플라스틱 자재 샘플1','default_plastic1.jpg',0);
INSERT INTO PART VALUES('PA'||TO_CHAR(TO_DATE('1707121435','RRMMDDHH24MI'),'RRMMDDHH24MI')||LPAD(1,2,'0'),'철재 150X80cm','STEEL',TO_DATE('1707121435','RRMMDDHH24MI'),2000,20,'기본 철재 샘플1','default_steel1.jpg',0);
INSERT INTO PART VALUES('PA'||TO_CHAR(TO_DATE('1707131444','RRMMDDHH24MI'),'RRMMDDHH24MI')||LPAD(1,2,'0'),'철재 180X100cm','STEEL',TO_DATE('1707131444','RRMMDDHH24MI'),2300,5,'기본 철재 샘플2','default_steel2.jpg',0);
INSERT INTO PART VALUES('PA'||TO_CHAR(TO_DATE('1707121611','RRMMDDHH24MI'),'RRMMDDHH24MI')||LPAD(1,2,'0'),'재활용 플라스틱 콘크리트 자재','PLASTIC',TO_DATE('1707121636','RRMMDDHH24MI'),18000,50,'플라스틱 자재 샘플2','default_plastic2.jpg',0);
INSERT INTO PART VALUES('PA'||TO_CHAR(TO_DATE('1707151015','RRMMDDHH24MI'),'RRMMDDHH24MI')||LPAD(1,2,'0'),'목재 150X80cm','WOOD',TO_DATE('1707151015','RRMMDDHH24MI'),2000,20,'기본 목재 샘플3','default_wood3.jpg',0);
INSERT INTO PART VALUES('PA'||TO_CHAR(TO_DATE('1707151020','RRMMDDHH24MI'),'RRMMDDHH24MI')||LPAD(1,2,'0'),'목재 180X100cm','WOOD',TO_DATE('1707151020','RRMMDDHH24MI'),2300,5,'기본 목재 샘플4','default_wood4.jpg',0);
INSERT INTO PART VALUES('PA'||TO_CHAR(TO_DATE('1707121612','RRMMDDHH24MI'),'RRMMDDHH24MI')||LPAD(1,2,'0'),'플라스틱 인조잔디블럭_100size','PLASTIC',TO_DATE('1707121637','RRMMDDHH24MI'),25000,70,'플라스틱 자재 샘플3','default_plastic3.jpg',0);
INSERT INTO PART VALUES('PA'||TO_CHAR(TO_DATE('1707151115','RRMMDDHH24MI'),'RRMMDDHH24MI')||LPAD(1,2,'0'),'철재 판넬','STEEL',TO_DATE('1707151115','RRMMDDHH24MI'),2000,20,'기본 철재 샘플3','default_steel3.jpg',0);
INSERT INTO PART VALUES('PA'||TO_CHAR(TO_DATE('1707151320','RRMMDDHH24MI'),'RRMMDDHH24MI')||LPAD(1,2,'0'),'철재 폴','STEEL',TO_DATE('1707151320','RRMMDDHH24MI'),2300,5,'기본 철재 샘플4','default_steel4.jpg',0);
INSERT INTO PART VALUES('PA'||TO_CHAR(TO_DATE('1707121614','RRMMDDHH24MI'),'RRMMDDHH24MI')||LPAD(1,2,'0'),'플라스틱 지붕','PLASTIC',TO_DATE('1707121638','RRMMDDHH24MI'),32700,100,'플라스틱 자재 샘플4','default_plastic4.jpg',0);
INSERT INTO PART VALUES('PA'||TO_CHAR(TO_DATE('1707170102','RRMMDDHH24MI'),'RRMMDDHH24MI')||LPAD(1,2,'0'),'목재 판넬','WOOD',TO_DATE('1707121612','RRMMDDHH24MI'),21230,5,'기본 목재 샘플4','default_wood4.jpg',0);
INSERT INTO PART VALUES('PA'||TO_CHAR(TO_DATE('1707170207','RRMMDDHH24MI'),'RRMMDDHH24MI')||LPAD(1,2,'0'),'플라스틱 인조잔디블럭_50size','PLASTIC',TO_DATE('1707121637','RRMMDDHH24MI'),15000,70,'플라스틱 자재 샘플3','default_plastic3.jpg',0);
INSERT INTO PART VALUES('PA'||TO_CHAR(TO_DATE('1707170738','RRMMDDHH24MI'),'RRMMDDHH24MI')||LPAD(1,2,'0'),'철재 모형','STEEL',TO_DATE('1707170738','RRMMDDHH24MI'),22000,20,'기본 철재 샘플3','default_steel3.jpg',0);
INSERT INTO PART VALUES('PA170809060701','DIY-Shoes','ETC',TO_DATE('1708090538','RRMMDDHH24MI'),15000,130,'<p style="text-align: center; "><font face="Arial Black"><b>DIY-Shoes (Get your own unique Shoes)</b></font></p><p style="text-align: center; "><font face="Arial Black"><b><br></b></font></p><div style="text-align: center;"><iframe width="560" height="315" src="https://www.youtube.com/embed/2r-zF48muPk?start=65" frameborder="0" allowfullscreen=""></iframe></div><div style="text-align: center;"><br></div><div style="text-align: center;">요즘 신발 디자인이 너무 흔해서 재미가 없다구요?</div><div style="text-align: center;">그런 당신을 위해 준비했습니다, 세상에 하나뿐인 신발, DIY Shoes!!</div><div style="text-align: center;"><br></div><div style="text-align: center;">[ 만드는 법]</div><div style="text-align: center;"><br></div><div style="text-align: center;">1. 본 페이지의 무색 스니커즈 단화를 구매하세요!</div><div style="text-align: center;">(유성 매직은 상품에 포함되어 있지 않습니다.)</div><div style="text-align: center;"><img src="http://localhost:3080/made/images/items/parts/desc/20170809060729.jpg" style="width: 605px;"><br></div><div style="text-align: center;"><br></div><div style="text-align: center;">2. 본인이 원하는 디자인을 본 딸 틀을 준비하세요!</div><div style="text-align: center;"><img src="http://localhost:3080/made/images/items/parts/desc/20170809060738.jpg" style="width: 605px;"><br></div><div style="text-align: center;"><br></div><div style="text-align: center;">3. 다 그린 후, 그늘진 서늘한 곳에서 약 3시간 정도 말리면 준비 끝!!</div><div style="text-align: center;">자, 어서가서 지인들께 당신의 특별한 신발을 자랑하세요~!!</div><div style="text-align: center;"><img src="http://localhost:3080/made/images/items/parts/desc/20170809060746.jpg" style="width: 605px;"><br></div>','20170809060751.jpg',180);
INSERT INTO PART VALUES('PA170809061302','목재 리폼 스티커 100x45cm','ETC',TO_DATE('1708090738','RRMMDDHH24MI'),5500,50,'<p style="text-align: center; "><img src="http://localhost:3080/made/images/items/parts/desc/20170809061339.jpg" style="width: 495px;"><br></p><p><br></p><p>목재 리폼 스티커 입니다.</p><p>디자인이 맘에 안드는 가구가 있거나, 인테리어를 꾸미고 싶을 때 안성 맞춤인 스티커!</p><p>뭐라구요, 아직 안써보셨다구요?</p><p>그럼 하나 장만 하시고, 놀라는 일만 남았겠군요!!</p>','20170809061351.jpg',70);


/* 디자인 판매 게시글 */
INSERT INTO DESIGN VALUES('DE'||TO_CHAR(TO_DATE('1707101335','RRMMDDHH24MI'),'RRMMDDHH24MI')||LPAD(0,2,'0'),'목재서랍장1','WOOD',TO_DATE('1707101335','RRMMDDHH24MI'),'목재 서랍장1입니다.',15000,'default_design1.jpg','design11',9);
INSERT INTO DESIGN VALUES('DE'||TO_CHAR(TO_DATE('1707121425','RRMMDDHH24MI'),'RRMMDDHH24MI')||LPAD(1,2,'0'),'목재서랍장2','WOOD',TO_DATE('1707121425','RRMMDDHH24MI'),'목재 서랍장2입니다.',10000,'default_design2.jpg','design11',8);
INSERT INTO DESIGN VALUES('DE'||TO_CHAR(TO_DATE('1707121435','RRMMDDHH24MI'),'RRMMDDHH24MI')||LPAD(1,2,'0'),'철재서랍장1','STEEL',TO_DATE('1707121435','RRMMDDHH24MI'),'철재 서랍장1입니다.',20000,'default_design3.jpg','design22',7);
INSERT INTO DESIGN VALUES('DE'||TO_CHAR(TO_DATE('1707131444','RRMMDDHH24MI'),'RRMMDDHH24MI')||LPAD(1,2,'0'),'철재서랍장2','STEEL',TO_DATE('1707131444','RRMMDDHH24MI'),'철재 서랍장2입니다.',35000,'default_design4.jpg','design22',6);
INSERT INTO DESIGN VALUES('DE'||TO_CHAR(TO_DATE('1707140240','RRMMDDHH24MI'),'RRMMDDHH24MI')||LPAD(1,2,'0'),'통나무 양초 틀','WOOD',TO_DATE('1707140240','RRMMDDHH24MI'),'통나무 양초 틀입니다. 완제품 주문시 말씀하시면 원하시는 사이즈로 제단하여 배송드립니다.',47000,'default_design5.jpg','design22',5);
INSERT INTO DESIGN VALUES('DE'||TO_CHAR(TO_DATE('1707131025','RRMMDDHH24MI'),'RRMMDDHH24MI')||LPAD(1,2,'0'),'목재 조명틀','WOOD',TO_DATE('1707131025','RRMMDDHH24MI'),'심심하지 않은 목재 조명틀입니다.',26500,'default_design6.jpg','design11',4);
INSERT INTO DESIGN VALUES('DE'||TO_CHAR(TO_DATE('1707131120','RRMMDDHH24MI'),'RRMMDDHH24MI')||LPAD(1,2,'0'),'목재 컵 받침대','WOOD',TO_DATE('1707131120','RRMMDDHH24MI'),'친환경 목재 컵 받침대! 깨질 염려는 이제 그만!!',12000,'default_design7.jpg','design22',3);
INSERT INTO DESIGN VALUES('DE'||TO_CHAR(TO_DATE('1707130623','RRMMDDHH24MI'),'RRMMDDHH24MI')||LPAD(1,2,'0'),'패트병 간편 정리함','PLASTIC',TO_DATE('1707130623','RRMMDDHH24MI'),'아이들의 조그만 장남감을 담을 수 있는 간편 정리함입니다.',10000,'default_design8.jpg','design11',2);
INSERT INTO DESIGN VALUES('DE'||TO_CHAR(TO_DATE('1707142040','RRMMDDHH24MI'),'RRMMDDHH24MI')||LPAD(1,2,'0'),'패트병 화분','PLASTIC',TO_DATE('1707142040','RRMMDDHH24MI'),'여러분이 쓰레기라고 생각하시는 패트병으로 이런 화분을 만들 수 있어요!!.',12500,'default_design9.jpg','design22',0);
INSERT INTO DESIGN VALUES('DE'||TO_CHAR(TO_DATE('1707140505','RRMMDDHH24MI'),'RRMMDDHH24MI')||LPAD(1,2,'0'),'새모이 틀','PLASTIC',TO_DATE('1707140505','RRMMDDHH24MI'),'새를 좋아하신다구요? 그런 분들을 위해 소개합니다. 친환경 새 모이 통!',20000,'default_design10.jpg','design11',0);
INSERT INTO DESIGN VALUES('DE'||TO_CHAR(TO_DATE('1707131410','RRMMDDHH24MI'),'RRMMDDHH24MI')||LPAD(1,2,'0'),'철재 그릴판','STEEL',TO_DATE('1707131410','RRMMDDHH24MI'),'더이상 그릴판을 사러 다니지 마세요!',45000,'default_design11.jpg','design22',1);
INSERT INTO DESIGN VALUES('DE'||TO_CHAR(TO_DATE('1707151430','RRMMDDHH24MI'),'RRMMDDHH24MI')||LPAD(1,2,'0'),'철재캠프파이어화덕','STEEL',TO_DATE('1707151430','RRMMDDHH24MI'),'역시 캠프하면 캠프파이어죠!! 화재는 책임 못집니다.',63000,'default_design12.jpg','design11',0);
INSERT INTO DESIGN VALUES('DE'||TO_CHAR(TO_DATE('1707151447','RRMMDDHH24MI'),'RRMMDDHH24MI')||LPAD(1,2,'0'),'목재n철재 책상','ETC',TO_DATE('1707151447','RRMMDDHH24MI'),'철재와 목재로 친환경 책상을 만듭니다, 완제품 구매시엔 원하시는 사이즈를 말씀하세요.',75000,'default_design13.jpg','design22',0);
INSERT INTO DESIGN VALUES('DE'||TO_CHAR(TO_DATE('1707131750','RRMMDDHH24MI'),'RRMMDDHH24MI')||LPAD(1,2,'0'),'목재n철재 탁자','ETC',TO_DATE('1707131750','RRMMDDHH24MI'),'정원에 이런 탁자, 다들 하나쯤은 있지 않나요?',59000,'default_design14.jpg','design11',0);
INSERT INTO DESIGN VALUES('DE170809062201', '목재 리폼 노트북', 'ETC', TO_DATE('170809','RRMMDD'),	'<p><iframe frameborder="0" src="//www.youtube.com/embed/9ifQqJycl-c" width="640" height="360" class="note-video-clip"></iframe><br></p><p>목재리폼 스티커를 활용한 노트북 꾸미기!!</p><p>아니 혹해서 들어온 당신, 아직도 구닥다리 기본 랩탑 스킨을 사용 중이시라구요??</p><p>이번 기회를 놓치시면 전문가의 손.길. \&nbsp;기대하기 힘들 걸요!!!</p><p><br></p><p>지금이라면 사이트에서 판매하는 스티커를 활용해서 직접 붙이실 수도 있습니다. 기대하세요~!!</p><p><br></p><p><b>[준비물]</b></p><p>\&nbsp;- 사무용 칼</p><p>\&nbsp;- 리폼 스티커 (이 사이트에서도 팔더라구요 ㅎㅎ)</p><p><br></p><p><b>[만드는 법]</b></p><p>1. 먼저 본인의 노트북 사이즈에 맞게 리폼 스티커를 제단합니다.</p><p><img src="http://localhost:3080/made/images/items/designed/desc/20170809062106.jpg" style="width: 390.977px; height: 260px;"><br></p><p><br></p><p>2. 뭐 있나요, 붙이시면 끝인 걸!! 붙일때 혐오스러운 기포가 안생기게,</p><p> 먼저 물티슈와 마른 티슈로 한 번씩 표면을 닦아주고 수평으로 조심히 붙여줍니다.</p><p><img src="http://localhost:3080/made/images/items/designed/desc/20170809062054.jpg" style="width: 374.436px; height: 249px;"><br></p><p><br></p><p>3. 이제 자랑하러 갈까요?</p><p><img src="http://localhost:3080/made/images/items/designed/desc/20170809062034.jpg" style="width: 372.381px; height: 253px;"><br></p><p><br></p>',	50000,	'20170809062216.jpg', 'design22',130);

/* 상품 리뷰 데이터 작성 */
INSERT INTO ITEM_REVIEW VALUES('RV'||TO_CHAR(TO_DATE('1707131850','RRMMDDHH24MI'),'RRMMDDHH24MI')||LPAD(1,2,'0'),null,'DE170710133500','user11','잘 쓰고 있습니다. 짱 좋아여 헤헷',TO_DATE('1707121425','RRMMDDHH24MI'));
INSERT INTO ITEM_REVIEW VALUES('RV'||TO_CHAR(TO_DATE('1707132250','RRMMDDHH24MI'),'RRMMDDHH24MI')||LPAD(1,2,'0'),null,'DE170710133500','user22','이 제품 좋네요 감사히 쓰겠습니다.',TO_DATE('1707191505','RRMMDDHH24MI'));
INSERT INTO ITEM_REVIEW VALUES('RV'||TO_CHAR(TO_DATE('1707141750','RRMMDDHH24MI'),'RRMMDDHH24MI')||LPAD(1,2,'0'),'PA170710133501',null,'user11','배송도 빠르고 좋네요 ^^',TO_DATE('1707121520','RRMMDDHH24MI'));
INSERT INTO ITEM_REVIEW VALUES('RV'||TO_CHAR(TO_DATE('1707182050','RRMMDDHH24MI'),'RRMMDDHH24MI')||LPAD(1,2,'0'),'PA170710133501',null,'user22','아이템 후기 테스트',TO_DATE('1707121425','RRMMDDHH24MI'));

INSERT INTO ITEM_REVIEW VALUES('RV'||TO_CHAR(TO_DATE('1708011230','RRMMDDHH24MI'),'RRMMDDHH24MI')||LPAD(1,2,'0'),null,'DE170809062201','user11','잘 쓰고 있습니다. 짱 좋아여 헤헷',TO_DATE('1708011230','RRMMDDHH24MI'));
INSERT INTO ITEM_REVIEW VALUES('RV'||TO_CHAR(TO_DATE('1708012030','RRMMDDHH24MI'),'RRMMDDHH24MI')||LPAD(1,2,'0'),null,'DE170809062201','user22','이 제품 좋네요 감사히 쓰겠습니다.',TO_DATE('1708012030','RRMMDDHH24MI'));
INSERT INTO ITEM_REVIEW VALUES('RV'||TO_CHAR(TO_DATE('1708031030','RRMMDDHH24MI'),'RRMMDDHH24MI')||LPAD(1,2,'0'),null,'DE170809062201','design22','이거 생각보다 손이 많이 가네요. 사시는 분들 이 점 고려하시길..',TO_DATE('1708031030','RRMMDDHH24MI'));
INSERT INTO ITEM_REVIEW VALUES('RV'||TO_CHAR(TO_DATE('1708032130','RRMMDDHH24MI'),'RRMMDDHH24MI')||LPAD(1,2,'0'),null,'DE170809062201','user33','아나...이거 따라하다 노트북 고장남 ㅋㅋㅋㅋ. 주의요망 붙여주세요 ㅋㅋㅋㅋㅋㅋ',TO_DATE('1708032130','RRMMDDHH24MI'));
INSERT INTO ITEM_REVIEW VALUES('RV'||TO_CHAR(TO_DATE('1708021230','RRMMDDHH24MI'),'RRMMDDHH24MI')||LPAD(1,2,'0'),'PA170809061302',null,'design11','배송도 빠르고 좋네요 ^^',TO_DATE('1708021230','RRMMDDHH24MI'));
INSERT INTO ITEM_REVIEW VALUES('RV'||TO_CHAR(TO_DATE('1708022030','RRMMDDHH24MI'),'RRMMDDHH24MI')||LPAD(1,2,'0'),'PA170809061302',null,'user22','요즘 이거 붐이 많이 불던데, 저희 집도 리모델링할 때 이걸로 했어요 ㅎㅎ',TO_DATE('1708022030','RRMMDDHH24MI'));
INSERT INTO ITEM_REVIEW VALUES('RV'||TO_CHAR(TO_DATE('1708041330','RRMMDDHH24MI'),'RRMMDDHH24MI')||LPAD(1,2,'0'),'PA170809061302',null,'user33','좋아요, 좋아요. 생각보다 금방써서 하나 또 주문 하려고 합니다. 넉넉히 사둬야 겠네요',TO_DATE('1708041330','RRMMDDHH24MI'));
INSERT INTO ITEM_REVIEW VALUES('RV'||TO_CHAR(TO_DATE('1708042130','RRMMDDHH24MI'),'RRMMDDHH24MI')||LPAD(1,2,'0'),'PA170809061302',null,'design22','배송 이벤트라길래 일단 하나 샀습니다 ㅋㅋㅋㅋ 배송 오면 함 봐야겠네요 ㅎㅎㅎ',TO_DATE('1708042130','RRMMDDHH24MI'));

CREATE SEQUENCE SEQ_ME
       START WITH 1
       INCREMENT BY 1
       MAXVALUE 99
       MINVALUE 0
       NOCACHE
       CYCLE;

/* 쪽지 임시 데이터 */
INSERT INTO MESSAGE VALUES('ME'||TO_CHAR(TO_DATE('1707141030','RRMMDDHH24MI'),'RRMMDDHH24MI')||LPAD(1,2,'0'),'첫번째 쪽지','user11','user22','잘 부탁드려요~~',TO_DATE('1707141030','RRMMDDHH24MI'));
INSERT INTO MESSAGE VALUES('ME'||TO_CHAR(TO_DATE('1707141150','RRMMDDHH24MI'),'RRMMDDHH24MI')||LPAD(1,2,'0'),'두번째 쪽지','user11','user22','반가워요 ㅎㅎ',TO_DATE('1707141150','RRMMDDHH24MI'));
INSERT INTO MESSAGE VALUES('ME'||TO_CHAR(TO_DATE('1707151430','RRMMDDHH24MI'),'RRMMDDHH24MI')||LPAD(1,2,'0'),'세번째 쪽지','user22','user11','쪽지 테스트 1',TO_DATE('1707151430','RRMMDDHH24MI'));
INSERT INTO MESSAGE VALUES('ME'||TO_CHAR(TO_DATE('1707171717','RRMMDDHH24MI'),'RRMMDDHH24MI')||LPAD(1,2,'0'),'나의 쪽지','user33','design22','야 일좀 해라, 좀',TO_DATE('1707171717','RRMMDDHH24MI'));
INSERT INTO MESSAGE VALUES('ME'||TO_CHAR(TO_DATE('1707171720','RRMMDDHH24MI'),'RRMMDDHH24MI')||LPAD(1,2,'0'),'너의 쪽지','user33','design22','회원가입 그만 좀 잡아먹어',TO_DATE('1707171720','RRMMDDHH24MI'));
INSERT INTO MESSAGE VALUES('ME'||TO_CHAR(TO_DATE('1707171800','RRMMDDHH24MI'),'RRMMDDHH24MI')||LPAD(1,2,'0'),'연결고리 쪽지','design22','user33','뗌~!!',TO_DATE('1707171800','RRMMDDHH24MI'));
INSERT INTO MESSAGE VALUES('ME'||TO_CHAR(TO_DATE('1707180001','RRMMDDHH24MI'),'RRMMDDHH24MI')||LPAD(1,2,'0'),'우리','user11','user22','다음은 뭘까요',TO_DATE('1707180001','RRMMDDHH24MI'));
INSERT INTO MESSAGE VALUES('ME'||TO_CHAR(TO_DATE('1707180230','RRMMDDHH24MI'),'RRMMDDHH24MI')||LPAD(1,2,'0'),'사랑하지말아요','design11','design22','GD 좋아염',TO_DATE('1707180230','RRMMDDHH24MI'));
INSERT INTO MESSAGE VALUES('ME'||TO_CHAR(TO_DATE('1707202020','RRMMDDHH24MI'),'RRMMDDHH24MI')||LPAD(1,2,'0'),'냉무 쪽지','user33','user11','내용무',TO_DATE('1707202020','RRMMDDHH24MI'));

-- DAO 입력 값 : INSERT INTO MESSAGE VALUES('ME'||TO_CHAR(SYSDATE,'RRMMDDHH24MI')||LPAD(SEQ_ME.NEXTVAL,2,'0'),'첫번째 쪽지','user11','user22','잘 부탁드려요~~',SYSDATE);

/* ORDER_INFO */
INSERT INTO ORDER_INFO VALUES('OD170501180001', 'user11', TO_DATE('2017-05-01', 'RRRR-MM-DD'), 1, NULL, 'A', NULL, NULL, 'DE170710133500', NULL);
INSERT INTO ORDER_INFO VALUES('OD170502180002', 'user33', TO_DATE('2017-05-02', 'RRRR-MM-DD'), 1, NULL, 'B', NULL, NULL, 'DE170712142501', NULL);
INSERT INTO ORDER_INFO VALUES('OD170504180004', 'user33', TO_DATE('2017-05-04', 'RRRR-MM-DD'), 1, NULL, 'A', NULL, NULL, 'DE170713144401', NULL);
INSERT INTO ORDER_INFO VALUES('OD170505180005', 'user22', TO_DATE('2017-05-05', 'RRRR-MM-DD'), 1, NULL, 'B', NULL, NULL, 'DE170714024001', NULL);
INSERT INTO ORDER_INFO VALUES('OD170506180006', 'user11', TO_DATE('2017-05-06', 'RRRR-MM-DD'), 1, NULL, 'C', NULL, NULL, 'DE170713102501', NULL);
INSERT INTO ORDER_INFO VALUES('OD170507180007', 'user22', TO_DATE('2017-05-07', 'RRRR-MM-DD'), 1, NULL, 'A', NULL, NULL, 'DE170713112001', NULL);
INSERT INTO ORDER_INFO VALUES('OD170608180008', 'user33', TO_DATE('2017-06-08', 'RRRR-MM-DD'), 1, NULL, 'B', NULL, NULL, 'DE170713062301', NULL);
INSERT INTO ORDER_INFO VALUES('OD170610180010', 'user11', TO_DATE('2017-06-10', 'RRRR-MM-DD'), 1, NULL, 'A', NULL, NULL, 'DE170714050501', NULL);
INSERT INTO ORDER_INFO VALUES('OD170612180012', 'user33', TO_DATE('2017-06-12', 'RRRR-MM-DD'), 1, NULL, 'C', NULL, NULL, 'DE170715143001', NULL);
INSERT INTO ORDER_INFO VALUES('OD170614180014', 'user22', TO_DATE('2017-06-14', 'RRRR-MM-DD'), 1, NULL, 'B', NULL, NULL, 'DE170713175001', NULL);
INSERT INTO ORDER_INFO VALUES('OD170616180016', 'user22', TO_DATE('2017-06-16', 'RRRR-MM-DD'), 1, NULL, 'A', NULL, NULL, 'DE170809062201', NULL);
INSERT INTO ORDER_INFO VALUES('OD170720180020', 'user44', TO_DATE('2017-07-20', 'RRRR-MM-DD'), 1, NULL, 'B', NULL, NULL, 'DE170809062201', NULL);
INSERT INTO ORDER_INFO VALUES('OD170721180021', 'user33', TO_DATE('2017-07-21', 'RRRR-MM-DD'), 1, NULL, 'C', NULL, NULL, 'DE170809062201', NULL);
INSERT INTO ORDER_INFO VALUES('OD170718180018', 'user55', TO_DATE('2017-07-18', 'RRRR-MM-DD'), 1, NULL, 'C', NULL, NULL, 'DE170809062201', NULL);
INSERT INTO ORDER_INFO VALUES('OD170610180120', 'user55', TO_DATE('2017-06-10', 'RRRR-MM-DD'), 1, NULL, 'A', NULL, NULL, 'DE170809062201', NULL);
INSERT INTO ORDER_INFO VALUES('OD170611180211', 'user33', TO_DATE('2017-06-11', 'RRRR-MM-DD'), 1, NULL, 'B', NULL, NULL, 'DE170713141001', NULL);
INSERT INTO ORDER_INFO VALUES('OD170612180312', 'user11', TO_DATE('2017-06-12', 'RRRR-MM-DD'), 1, NULL, 'C', NULL, NULL, 'DE170715143001', NULL);
INSERT INTO ORDER_INFO VALUES('OD170613180413', 'user11', TO_DATE('2017-06-13', 'RRRR-MM-DD'), 1, NULL, 'A', NULL, NULL, 'DE170715144701', NULL);
INSERT INTO ORDER_INFO VALUES('OD170614180514', 'user22', TO_DATE('2017-06-14', 'RRRR-MM-DD'), 1, NULL, 'B', NULL, NULL, 'DE170713175001', NULL);

INSERT INTO ORDER_INFO VALUES('OD170609180009', 'user66', TO_DATE('2017-06-09', 'RRRR-MM-DD'), 1, NULL, 'C', NULL, NULL, NULL, 'PA170809060701');
INSERT INTO ORDER_INFO VALUES('OD170611180011', 'user33', TO_DATE('2017-06-11', 'RRRR-MM-DD'), 1, NULL, 'B', NULL, NULL, NULL, 'PA170809060701');
INSERT INTO ORDER_INFO VALUES('OD170613180013', 'user22', TO_DATE('2017-06-13', 'RRRR-MM-DD'), 1, NULL, 'A', NULL, NULL, NULL, 'PA170809060701');
INSERT INTO ORDER_INFO VALUES('OD170503180003', 'user66', TO_DATE('2017-05-03', 'RRRR-MM-DD'), 1, NULL, 'C', NULL, NULL, NULL, 'PA170809061302');
INSERT INTO ORDER_INFO VALUES('OD170615180015', 'user11', TO_DATE('2017-06-15', 'RRRR-MM-DD'), 1, NULL, 'C', NULL, NULL, NULL, 'PA170712161001');
INSERT INTO ORDER_INFO VALUES('OD170617180017', 'user11', TO_DATE('2017-06-17', 'RRRR-MM-DD'), 1, NULL, 'B', NULL, NULL, NULL, 'PA170713144401');
INSERT INTO ORDER_INFO VALUES('OD170719180019', 'user22', TO_DATE('2017-07-19', 'RRRR-MM-DD'), 1, NULL, 'A', NULL, NULL, NULL, 'PA170715101501');
INSERT INTO ORDER_INFO VALUES('OD170722180022', 'user22', TO_DATE('2017-07-22', 'RRRR-MM-DD'), 1, NULL, 'A', NULL, NULL, NULL, 'PA170809061302');
INSERT INTO ORDER_INFO VALUES('OD170723180023', 'user22', TO_DATE('2017-07-23', 'RRRR-MM-DD'), 1, NULL, 'B', NULL, NULL, NULL, 'PA170715132001');
INSERT INTO ORDER_INFO VALUES('OD170724180024', 'user33', TO_DATE('2017-07-24', 'RRRR-MM-DD'), 1, NULL, 'C', NULL, NULL, NULL, 'PA170712161401');
INSERT INTO ORDER_INFO VALUES('OD170725180025', 'user33', TO_DATE('2017-07-25', 'RRRR-MM-DD'), 1, NULL, 'A', NULL, NULL, NULL, 'PA170809061302');
INSERT INTO ORDER_INFO VALUES('OD170726180026', 'user22', TO_DATE('2017-07-26', 'RRRR-MM-DD'), 1, NULL, 'B', NULL, NULL, NULL, 'PA170717020701');
INSERT INTO ORDER_INFO VALUES('OD170727180027', 'user11', TO_DATE('2017-07-27', 'RRRR-MM-DD'), 1, NULL, 'C', NULL, NULL, NULL, 'PA170809061302');

--SELECT * FROM CATEGORY;
--SELECT * FROM PART;
--SELECT * FROM DESIGN;

INSERT INTO PART_SET VALUES('DE170710133500','PA170710133501',1);
INSERT INTO PART_SET VALUES('DE170710133500','PA170715101501',2);
 
INSERT INTO PART_SET VALUES('DE170712142501','PA170710133501',3);
INSERT INTO PART_SET VALUES('DE170712142501','PA170712142501',1);
INSERT INTO PART_SET VALUES('DE170712142501','PA170715102001',3);

INSERT INTO PART_SET VALUES('DE170713062301','PA170712161101',1);
INSERT INTO PART_SET VALUES('DE170713062301','PA170712161201',1);

--SELECT * FROM PART_SET;
--
--SELECT SUM(QUANTITY*(CEIL(PART_PRICE*90)*0.01)) "RESULT" FROM DESIGN
--JOIN PART_SET USING(DESIGN_CODE)
--JOIN PART USING(PART_CODE);
--
--SELECT SUM(QUANTITY*CEIL(PART_PRICE)) FROM DESIGN
--JOIN PART_SET USING(DESIGN_CODE)
--JOIN PART USING(PART_CODE);
--
--SELECT SUM(PART_PRICE)*0.9 FROM PART;

/* LIKELIST 임시 데이터 */
INSERT INTO LIKELIST VALUES('user11', 'DE170710133500', NULL);
INSERT INTO LIKELIST VALUES('user33', 'DE170712142501', NULL);
INSERT INTO LIKELIST VALUES('user22', 'DE170712143501', NULL);
INSERT INTO LIKELIST VALUES('user33', 'DE170713144401', NULL);
INSERT INTO LIKELIST VALUES('user22', 'DE170714024001', NULL);
INSERT INTO LIKELIST VALUES('user11', 'DE170713102501', NULL);
INSERT INTO LIKELIST VALUES('user22', 'DE170713112001', NULL);
INSERT INTO LIKELIST VALUES('user33', 'DE170713062301', NULL);
INSERT INTO LIKELIST VALUES('user22', 'DE170714204001', NULL);
INSERT INTO LIKELIST VALUES('user11', 'DE170714050501', NULL);
INSERT INTO LIKELIST VALUES('user22', 'DE170713141001', NULL);
INSERT INTO LIKELIST VALUES('user33', 'DE170715143001', NULL);
INSERT INTO LIKELIST VALUES('user22', 'DE170715144701', NULL);
INSERT INTO LIKELIST VALUES('user22', 'DE170713175001', NULL);
INSERT INTO LIKELIST VALUES('user11', NULL, 'PA170712161001');
INSERT INTO LIKELIST VALUES('user22', NULL, 'PA170712143501');
INSERT INTO LIKELIST VALUES('user11', NULL, 'PA170713144401');
INSERT INTO LIKELIST VALUES('user22', NULL, 'PA170712161101');
INSERT INTO LIKELIST VALUES('user22', NULL, 'PA170715101501');
INSERT INTO LIKELIST VALUES('user11', NULL, 'PA170715102001');
INSERT INTO LIKELIST VALUES('user33', NULL, 'PA170712161201');
INSERT INTO LIKELIST VALUES('user22', NULL, 'PA170715111501');
INSERT INTO LIKELIST VALUES('user22', NULL, 'PA170715132001');
INSERT INTO LIKELIST VALUES('user33', NULL, 'PA170712161401');
INSERT INTO LIKELIST VALUES('user11', NULL, 'PA170717010201');
INSERT INTO LIKELIST VALUES('user22', NULL, 'PA170717020701');
INSERT INTO LIKELIST VALUES('user11', NULL, 'PA170717073801');

/* 배송 업체 임시 데이터 */
INSERT INTO SHIP_COMPANY VALUES('우체국택배', 'http://service.epost.go.kr');
INSERT INTO SHIP_COMPANY VALUES('대한통운', 'http://www.doortodoor.co.kr');
INSERT INTO SHIP_COMPANY VALUES('한진택배', 'http://hanex.hanjin.co.kr');
INSERT INTO SHIP_COMPANY VALUES('로젠택배', 'http://www.ilogen.com');
INSERT INTO SHIP_COMPANY VALUES('현대택배', 'http://www.hlc.co.kr');
INSERT INTO SHIP_COMPANY VALUES('KG옐로우캡택배', 'http://www.yellowcap.co.kr');
INSERT INTO SHIP_COMPANY VALUES('KGB택배', 'http://www.kgbls.co.kr');
INSERT INTO SHIP_COMPANY VALUES('EMS', 'http://service.epost.go.kr');
INSERT INTO SHIP_COMPANY VALUES('DHL', 'http://www.dhl.co.kr');
INSERT INTO SHIP_COMPANY VALUES('한덱스', 'http://www.e-handex.co.kr');
INSERT INTO SHIP_COMPANY VALUES('FedEx', 'http://www.fedex.com/kr');
INSERT INTO SHIP_COMPANY VALUES('동부익스프레스', 'http://www.dongbuexpress.co.kr');
INSERT INTO SHIP_COMPANY VALUES('CJ GLS', 'http://www.cjgls.co.kr');
INSERT INTO SHIP_COMPANY VALUES('UPS', 'http://www.ups.com/content/kr/ko/index.jsx');
INSERT INTO SHIP_COMPANY VALUES('하나로택배', 'http://www.hanarologis.com');
INSERT INTO SHIP_COMPANY VALUES('대신택배', 'http://apps.ds3211.co.kr');
INSERT INTO SHIP_COMPANY VALUES('경동택배', 'http://www.kdexp.com');
INSERT INTO SHIP_COMPANY VALUES('이노지스택배', 'http://www.innogis.net');
INSERT INTO SHIP_COMPANY VALUES('일양로지스택배', 'http://www.ilyanglogis.com');
INSERT INTO SHIP_COMPANY VALUES('CVSnet 편의점택배', 'http://www.cvsnet.co.kr');
INSERT INTO SHIP_COMPANY VALUES('TNT Express', 'http://www.tnt.com/express/ko_kr/site/home.html');
INSERT INTO SHIP_COMPANY VALUES('한방택배', 'http://www.hbtb.co.kr');
INSERT INTO SHIP_COMPANY VALUES('GTX', 'http://www.gtx2010.co.kr');

/* QA 임시  데이터 */
INSERT INTO QA VALUES('QA'||TO_CHAR(TO_DATE('1707101335','RRMMDDHH24MI'),'RRMMDDHH24MI')||LPAD(0,2,'0'),'user11','관리자님 홈페이지가 별로에요..','내 마음속의 별로..',TO_DATE('1707101335','RRMMDDHH24MI'),'default_design1.jpg',null);
INSERT INTO QA VALUES('QA'||TO_CHAR(TO_DATE('1707121425','RRMMDDHH24MI'),'RRMMDDHH24MI')||LPAD(1,2,'0'),'user22','관리자님!!','오늘 사이트가 잘 안 들어가지던데 무슨 문제 있나요?',TO_DATE('1707121425','RRMMDDHH24MI'),'default_design2.jpg',null);
INSERT INTO QA VALUES('QA'||TO_CHAR(TO_DATE('1707121435','RRMMDDHH24MI'),'RRMMDDHH24MI')||LPAD(1,2,'0'),'user33','오늘 처음 MADE를 이용해봤습니다.','내 손으로 만드는 가구여서 그런지 가격도 싸고 제 취향에 딱 맞네요 ㅎㅎ 자주 이용할게용',TO_DATE('1707121435','RRMMDDHH24MI'),'default_design3.jpg',null);
INSERT INTO QA VALUES('QA'||TO_CHAR(TO_DATE('1707131444','RRMMDDHH24MI'),'RRMMDDHH24MI')||LPAD(1,2,'0'),'user22','사이트 잘 들어가지네요 ㅎ','감사해용 관리자님.',TO_DATE('1707131444','RRMMDDHH24MI'),'default_design4.jpg',null);
INSERT INTO QA VALUES('QA'||TO_CHAR(TO_DATE('1707140240','RRMMDDHH24MI'),'RRMMDDHH24MI')||LPAD(1,2,'0'),'user11','오늘 배송이 많이 늦네요','배송 확인 부탁드립니다',TO_DATE('1707140240','RRMMDDHH24MI'),'default_design5.jpg',null);
INSERT INTO QA VALUES('QA'||TO_CHAR(TO_DATE('1707131025','RRMMDDHH24MI'),'RRMMDDHH24MI')||LPAD(1,2,'0'),'design11','오늘 새로운 디자인 보내 드렸습니다 확인해주세요.','제곧내',TO_DATE('1707131025','RRMMDDHH24MI'),'default_design6.jpg',null);
INSERT INTO QA VALUES('QA'||TO_CHAR(TO_DATE('1707131120','RRMMDDHH24MI'),'RRMMDDHH24MI')||LPAD(1,2,'0'),'user11','벌써 3번째 주문이네요.ㅎㅎ','제품이 좋아서 계속 여기서 구매 하고 있어요 ㅎㅎ 포인트 적립? 같은 것도 있었으면 좋겠습니다.',TO_DATE('1707131120','RRMMDDHH24MI'),'default_design7.jpg',null);
INSERT INTO QA VALUES('QA'||TO_CHAR(TO_DATE('1707130623','RRMMDDHH24MI'),'RRMMDDHH24MI')||LPAD(1,2,'0'),'design11','디자인 확인 하셨나요?? 답장 부탁드려요 ㅎ','답장 부탁드립니다 ㅎㅎ',TO_DATE('1707130623','RRMMDDHH24MI'),'default_design8.jpg',null);
INSERT INTO QA VALUES('QA'||TO_CHAR(TO_DATE('1707142040','RRMMDDHH24MI'),'RRMMDDHH24MI')||LPAD(1,2,'0'),'user11','관리자님 감사합니다 계속 여기서 이용할게용 ㅎㅎ','포인트 적립 기능 짱 좋아요 ㅎㅎ',TO_DATE('1707142040','RRMMDDHH24MI'),'default_design9.jpg',null);
INSERT INTO QA VALUES('QA'||TO_CHAR(TO_DATE('1707140505','RRMMDDHH24MI'),'RRMMDDHH24MI')||LPAD(1,2,'0'),'design22','안녕하십니까? 엉드래킴입니다.','지인 추천으로 이 사이트를 알게 되었습니다. 다음에 밥 한끼 하면서 이야기 나누고 싶습니다. 쪽지 남겨주세요.',TO_DATE('1707140505','RRMMDDHH24MI'),'default_design10.jpg',null);
INSERT INTO QA VALUES('QA'||TO_CHAR(TO_DATE('1707131410','RRMMDDHH24MI'),'RRMMDDHH24MI')||LPAD(1,2,'0'),'user11','저번에 산 그릴판 잘 이용하고 있어요!!','다음에 제주도 놀러갈때 챙겨 갈려구요 ㅎ',TO_DATE('1707131410','RRMMDDHH24MI'),'default_design11.jpg',null);

/* NOTICE 임시 데이터*/

INSERT INTO NOTICE VALUES('NO'||TO_CHAR(TO_DATE('1707121425','RRMMDDHH24MI'),'RRMMDDHH24MI')||LPAD(1,2,'0'), 'The unique what you made MADE홈페이지가 오픈을 했습니다.', '국내 최초 핸드메이드 제작 및 판매 사이트 홈페이지 오픈!!',TO_DATE('1707121425','RRMMDDHH24MI'),null);
INSERT INTO NOTICE VALUES('NO'||TO_CHAR(TO_DATE('1707130239','RRMMDDHH24MI'),'RRMMDDHH24MI')||LPAD(1,2,'0'), '[축]개업기념 이벤트를 실시합니다.', '3만원 이상 구매하시는 모든 고객 분들께 배송비를 무료로 해드리는 이벤트 중입니다. 많이 참여해주세요~',TO_DATE('1707130239','RRMMDDHH24MI'),null);
INSERT INTO NOTICE VALUES('NO'||TO_CHAR(TO_DATE('1707142030','RRMMDDHH24MI'),'RRMMDDHH24MI')||LPAD(1,2,'0'), '[긴급]서버 점검기간 안내문.', '여러분의 열찬 성화에 힘입어 서버가 다운되었습니다. 좀더 나은 서버로 개선하고자, 금일 12시부터 21시까지 서버점검을 하고자 하오니 많은 양해 부탁드립니다.',TO_DATE('1707142030','RRMMDDHH24MI'),null);
INSERT INTO NOTICE VALUES('NO'||TO_CHAR(TO_DATE('1707151124','RRMMDDHH24MI'),'RRMMDDHH24MI')||LPAD(1,2,'0'), '[긴급]서버 점검기간 연장 안내문.', '서버개선 작업 중 오류가 발생하여 연장 작업을 실시합니다. 불편하시더라도 더 원활한 서비스를 위함이오니 많은 양해 부탁 드리며, 이번이 마지막이 되길 기도합니다.',TO_DATE('1707151124','RRMMDDHH24MI'),null);
INSERT INTO NOTICE VALUES('NO'||TO_CHAR(TO_DATE('1707152130','RRMMDDHH24MI'),'RRMMDDHH24MI')||LPAD(1,2,'0'), '[공지]서버 점검 완료 공지', '서버 점검이 완료되었습니다. 그동안 불편을 드려 정말 죄송하오며, 앞으로는 이런 일이 없도록 서버측 투자에 좀 더 신경 쓰겠습니다. 감사합니다.',TO_DATE('1707152130','RRMMDDHH24MI'),null);
INSERT INTO NOTICE VALUES('NO'||TO_CHAR(TO_DATE('1707171530','RRMMDDHH24MI'),'RRMMDDHH24MI')||LPAD(1,2,'0'), '[공지]상품 구매에 관하여...', '상품을 구매하시는 고객님들께 안내말씀 드립니다. 보 사이트의 모든 상품은 품절 시 구매가 되지 않습니다. 이점 명심하시고 구매에 참고 하시기 바랍니다. 감사합니다.',TO_DATE('1707171530','RRMMDDHH24MI'),null);
INSERT INTO NOTICE VALUES('NO'||TO_CHAR(TO_DATE('1707182130','RRMMDDHH24MI'),'RRMMDDHH24MI')||LPAD(1,2,'0'), '[공지]목재 관련 상품 안내 공지', '현재 본 사이트 목재 상품에 대해 안내 말씀드립니다. 본 상품 목록 중 목재 상품과 관련하여 기존에 공급해주던 공급사가 바뀜으로 인해서 재고량에 차질이 생겼습니다. 이 점 확인 하시고, 구매하실 때 참고 해주시기 바랍니다. 감사합니다.',TO_DATE('1707182130','RRMMDDHH24MI'),null);
INSERT INTO NOTICE VALUES('NO'||TO_CHAR(TO_DATE('1707182230','RRMMDDHH24MI'),'RRMMDDHH24MI')||LPAD(1,2,'0'), '[공지]서버 관리자 모집', '서버 관리자를 모집합니다. 지원조건은 27세 이하의 여성분들 선호이며, 스프링 코드를 구현해보신 분을 모집합니다. 능력자 분들 환영하오니 많은 참여 부탁드립니다.',TO_DATE('1707182230','RRMMDDHH24MI'),null);
INSERT INTO NOTICE VALUES('NO'||TO_CHAR(TO_DATE('1707182330','RRMMDDHH24MI'),'RRMMDDHH24MI')||LPAD(1,2,'0'), '[Inform]Server Summer Event', 'Hi, We are planning about Summer item Event in Europe. Come and see our items, then enjoy our items delivery free Event! Thank you. see ya.',TO_DATE('1707182330','RRMMDDHH24MI'),null);
INSERT INTO NOTICE VALUES('NO'||TO_CHAR(TO_DATE('1707190130','RRMMDDHH24MI'),'RRMMDDHH24MI')||LPAD(1,2,'0'), '[공지]해외 부품 협약 안내문', '드디어 본사에서 해외 이케아 협약을 체결하여 이케가의 부품들을 직수입 할 수 있게 되었습니다. 많은 이용 바랍니다. 감사합니다.',TO_DATE('1707190130','RRMMDDHH24MI'),null);
INSERT INTO NOTICE VALUES('NO'||TO_CHAR(TO_DATE('1707190330','RRMMDDHH24MI'),'RRMMDDHH24MI')||LPAD(1,2,'0'), '[긴급]플라스틱 품목 품절 안내', '현재 본 사이트 플라스틱 일부 상품이 품절 되어 공급사와 긴급히 연락 중에 있습니다. 이용 시 참고하시기 바랍니다. 감사합니다.',TO_DATE('1707190330','RRMMDDHH24MI'),null);
INSERT INTO NOTICE VALUES('NO'||TO_CHAR(TO_DATE('1707191030','RRMMDDHH24MI'),'RRMMDDHH24MI')||LPAD(1,2,'0'), '[Inform]Notice about Career staff', 'When resigning from a job role, it is considered best practice to give your employer the notice period as stated in your contract before you depart. This period of time allows your employer to plan for your departure, and to ensure that your job responsibilities are fully covered as to not disrupt the business and work flow.',TO_DATE('1707191030','RRMMDDHH24MI'),null);
INSERT INTO NOTICE VALUES('NO'||TO_CHAR(TO_DATE('1707192130','RRMMDDHH24MI'),'RRMMDDHH24MI')||LPAD(1,2,'0'), '[Notice]Writing to staff', 'Once staff have been assessed to work out who to put into a pension scheme they must be given information which explains how automatic enrolment applies to them.',TO_DATE('1707192130','RRMMDDHH24MI'),null);
INSERT INTO NOTICE VALUES('NO'||TO_CHAR(TO_DATE('1707201530','RRMMDDHH24MI'),'RRMMDDHH24MI')||LPAD(1,2,'0'), '[Inform]Advanced guidance', 'These resources may help if you have more detailed questions on the above:Detailed guidance 10: Information to workers (PDF, 144kb, 35 pages) For information on what must be provided to what type of staff, at which time, with links on where to find more information.',TO_DATE('1707201530','RRMMDDHH24MI'),null);
INSERT INTO NOTICE VALUES('NO'||TO_CHAR(TO_DATE('1707222030','RRMMDDHH24MI'),'RRMMDDHH24MI')||LPAD(1,2,'0'), '[공지]사업계획서 및 제휴신청서 안내', '본 사이트에 사업계획을 의논하시거나 제휴를 맺고자 하시는 기업체 담당자 분들은 해당 내용과 관련된 계획서를 담당자 유사장에게 firerain4@naver.com 메일로 발송해 주시면 감사하겠습니다. 보내주신 후 문자남겨 주시면 바로 확인 후 답변 드리도록 하겠습니다. 좋은 하루 되시기 바랍니다.',TO_DATE('1707222030','RRMMDDHH24MI'),null);
INSERT INTO NOTICE VALUES('NO'||TO_CHAR(TO_DATE('1707241220','RRMMDDHH24MI'),'RRMMDDHH24MI')||LPAD(1,2,'0'), '[공지] KG모빌리언스 크롬 브라우저 일부버전 오류관련 공지', '현재 크롬 웹브라우저 및 웹뷰 일부 버전에서 오류현상이 발생중이므로 하단 내용 참고 부탁드립니다.
Google Chrome 웹브라우저 및 웹뷰 53/54 일부 버전에서 당사 결제창 접속시 보안 경고 및 접속 불가 현상이 발생 중입니다. 최근 Google에서 Chrome 일부 버전에 대하여 버그가 있음을 발표하였으며, Chrome 자체 오류로 인해 해결방안은 최신 버전으로 업그레이드 및 패치를 권고하고 있습니다.',TO_DATE('1707241220','RRMMDDHH24MI'),null);
INSERT INTO NOTICE VALUES('NO'||TO_CHAR(TO_DATE('1707252110','RRMMDDHH24MI'),'RRMMDDHH24MI')||LPAD(1,2,'0'), '[공지] 5자리 우편번호 시행에 따른 디자인수정 안내', '8월1일 부터 5자리 우편번호 적용 시 디자인관리에서 기존 주문페이지 또는 회원가입 페이지처럼 우편번호를 입력받는 페이지의 소스내용이 배포 또는 패치 후에도 우편번호 입력창이 기존[ ] - [ ]형태로 남아있기 때문에 아래 [예시]와 같은 상태로 보여질수 있으며 이에 따라 디자인을 수정해주시기 바랍니다.',TO_DATE('1707252110','RRMMDDHH24MI'),null);
INSERT INTO NOTICE VALUES('NO'||TO_CHAR(TO_DATE('1707272020','RRMMDDHH24MI'),'RRMMDDHH24MI')||LPAD(1,2,'0'), '[긴급]	다날 휴대폰 결제 정산관련 사용중지 안내', '현재 다날 휴대폰 결제를 이용하고있는 상점에서 "익주정산(매출 주의 익주 수요일)", "익초 정산(매출월의 익월 5일)" 주기로 선택하여 계약한 상점은 정상결제 진행이 안되고 있는 부분으로,
기능 수정전까지 다날 휴대폰 결제 사용을 중지해 주시기 바라며 다날쪽과 확인하여 빠른시일내로 정상처리 될 수있도록 하겠습니다.',TO_DATE('1707272020','RRMMDDHH24MI'),null);
INSERT INTO NOTICE VALUES('NO'||TO_CHAR(TO_DATE('1707281010','RRMMDDHH24MI'),'RRMMDDHH24MI')||LPAD(1,2,'0'), '[공지] 다음 커머스원 상품 수집 일시 중단_8/16 (수요일)', '다음 쇼핑하우 긴급 DB 작업으로 인해, 커머스원의 상품 수집 작업이 2017년 8월 16일 14시부터 18시까지 중단됩니다. 작업 종료 후 스케쥴에 따라 정상적으로 상품 수집을 진행할 예정이며, 기존에 커머스원을 통해 상품 업데이트가 지연되는 문제들도 정상적으로 업데이트 진행될 예정입니다.',TO_DATE('1707281010','RRMMDDHH24MI'),null);

COMMIT;

/*
SELECT * FROM MEMBER;
SELECT * FROM PART;
SELECT * FROM DESIGN;

select * from part_set;

SELECT PART_CODE, PART_TITLE, PART_PRICE, QUANTITY FROM PART
JOIN PART_SET USING(PART_CODE)
WHERE DESIGN_CODE = 'DE170712142501';
--*/
--
--SELECT * FROM VW_ITEM_REVIEW;
--select * from ITEM_REVIEW;
--
--------------------------
-- ---- CREATE VIEW 로 구현할 예정 ---
--/* 수익 통계 전용 쿼리 기입부; 구현 80% -- 프론트단 구현 필요 */
---- 시간 부족해서 안될 듯;;;;;
--  -- 회원ID (디자이너별 확인을 위함)
--  -- 월 별 수익 (최근 3개월)
--  -- 년 별 수익
--  -- 최다 판매 상품
--
----/* 주문 정보 전용 VIEW 생성용 쿼리 */
-- 월 별 각 상품 판매 횟수
--SELECT ITEM "판매 상품", TITLE, SUBSTR(ORDER_DATE,1,5) "판매 월", COUNT(*) "판매횟수", SUM("가격"*ORDER_COUNT) "판매 실적" FROM (SELECT O.*, D.DESIGN_TITLE "TITLE", D.DESIGN_CODE "ITEM", D.DESIGN_PRICE  "가격", D.MEMBER_ID "MID" FROM ORDER_INFO O
--               JOIN DESIGN D ON(O.DESIGN_CODE = D.DESIGN_CODE)
--               WHERE MONTHS_BETWEEN(SYSDATE,ORDER_DATE) < 4
--               UNION
--               SELECT O.*, P.PART_TITLE "TITLE", P.PART_CODE "ITEM", P.PART_PRICE, NULL FROM ORDER_INFO O
--               JOIN PART P ON(O.PART_CODE = P.PART_CODE)
--               WHERE MONTHS_BETWEEN(SYSDATE,ORDER_DATE) < 4)
--               GROUP BY ITEM, TITLE, SUBSTR(ORDER_DATE,1,5) ORDER BY 4 DESC;
--               
--               SELECT * FROM (SELECT TITLE, COUNT(*) "판매횟수" FROM (SELECT O.*, D.DESIGN_TITLE "TITLE", D.DESIGN_CODE "ITEM", D.DESIGN_PRICE  "가격", D.MEMBER_ID "MID" FROM ORDER_INFO O
--               JOIN DESIGN D ON(O.DESIGN_CODE = D.DESIGN_CODE)
--               WHERE MONTHS_BETWEEN(SYSDATE,ORDER_DATE) < 4
--               UNION
--               SELECT O.*, P.PART_TITLE "TITLE", P.PART_CODE "ITEM", P.PART_PRICE, NULL FROM ORDER_INFO O
--               JOIN PART P ON(O.PART_CODE = P.PART_CODE)
--               WHERE MONTHS_BETWEEN(SYSDATE,ORDER_DATE) < 4)
--               GROUP BY ITEM, TITLE, SUBSTR(ORDER_DATE,1,5) ORDER BY 2 DESC) WHERE ROWNUM < 8;
--
--SELECT ORDER_DATE, SUM("가격"*ORDER_COUNT) FROM (SELECT O.*, D.DESIGN_CODE "ITEM", D.DESIGN_PRICE  "가격", D.MEMBER_ID "MID" FROM ORDER_INFO O
--               JOIN DESIGN D ON(O.DESIGN_CODE = D.DESIGN_CODE)
--               WHERE MONTHS_BETWEEN(SYSDATE,ORDER_DATE) < 4
--               UNION
--               SELECT O.*, P.PART_CODE "ITEM", P.PART_PRICE, NULL FROM ORDER_INFO O
--               JOIN PART P ON(O.PART_CODE = P.PART_CODE)
--               WHERE MONTHS_BETWEEN(SYSDATE,ORDER_DATE) < 4)
--               GROUP BY ORDER_DATE ORDER BY 1;
--
------ 월 별 총 상품 판매 횟수
--SELECT SUBSTR(ORDER_DATE,1,5) "판매 월", COUNT(*) "판매횟수", SUM("가격"*ORDER_COUNT) "판매 실적" 
--FROM (SELECT O.*, D.DESIGN_CODE "ITEM", D.DESIGN_PRICE  "가격" FROM ORDER_INFO O
--               JOIN DESIGN D ON(O.DESIGN_CODE = D.DESIGN_CODE) WHERE D.MEMBER_ID = 'design11' ORDER BY 1)
--GROUP BY SUBSTR(ORDER_DATE,1,5);

----- DESIGNER PURCHEASE ITEM ---
--
---- 총 판매 내역
--SELECT * FROM ORDER_INFO
--JOIN DESIGN USING(DESIGN_CODE)
--WHERE DESIGN.MEMBER_ID = 'design11';
----
------ 최근 3개월 판매내역
--SELECT * FROM(SELECT ORDER_DATE "월", SUM(DESIGN_PRICE)  FROM ORDER_INFO
--JOIN DESIGN USING(DESIGN_CODE)
--WHERE DESIGN.MEMBER_ID = 'design11'
--AND MONTHS_BETWEEN(SYSDATE,ORDER_DATE) < 5
--GROUP BY SUBSTR(ORDER_DATE,1,5),ORDER_DATE order by 1 desc) where rownum < 5 order by 1;
--
---- 년도별 총 수익
--SELECT * FROM(SELECT SUBSTR(ORDER_DATE,1,2) "년도", SUM(DESIGN_PRICE)  FROM ORDER_INFO
--JOIN DESIGN USING(DESIGN_CODE)
--WHERE DESIGN.MEMBER_ID = 'design11'
--GROUP BY SUBSTR(ORDER_DATE,1,2) order by 2)
--WHERE ROWNUM < 6;
--
----년도 내 최근 3개월 판매 상품 수
--SELECT DESIGN_TITLE "판매 상품", SUBSTR(ORDER_DATE,1,5) "판매 년", COUNT(*) "구매 횟수" FROM ORDER_INFO
--JOIN DESIGN USING(DESIGN_CODE)
--WHERE DESIGN.MEMBER_ID = 'design11'
--AND MONTHS_BETWEEN(SYSDATE,ORDER_DATE) < 4
--GROUP BY DESIGN_TITLE, SUBSTR(ORDER_DATE,1,5) ORDER BY 2;
----
--
--SELECT DESIGN_TITLE "판매 상품", COUNT(*) "구매 횟수" FROM ORDER_INFO
--JOIN DESIGN USING(DESIGN_CODE)
--WHERE DESIGN.MEMBER_ID = 'design11'
--AND MONTHS_BETWEEN(SYSDATE,ORDER_DATE) < 4
--GROUP BY DESIGN_TITLE ORDER BY 2;
--
--SELECT * FROM (SELECT DESIGN_TITLE, COUNT(*) FROM ORDER_INFO
--JOIN DESIGN USING(DESIGN_CODE)
--WHERE MONTHS_BETWEEN(SYSDATE,ORDER_DATE) < 4
--GROUP BY DESIGN_TITLE ORDER BY 2) WHERE ROWNUM < 8;
--
------ 월 별 총 판매량
--SELECT * FROM (SELECT SUBSTR(ORDER_DATE,1,5) "판매 월", COUNT(*) "구매 횟수" FROM ORDER_INFO
--JOIN DESIGN USING(DESIGN_CODE)
--WHERE DESIGN.MEMBER_ID = 'design11'
--GROUP BY SUBSTR(ORDER_DATE,1,5)) WHERE rownum < 6;
--
--/* TOP5 Item 추출 쿼리 기입부; DAO에 구현 완료 */
--
--/* 테이블 정의서 추출 쿼리 */
--SELECT a.TABLE_NAME, c.COMMENTS, a.COLUMN_NAME, b.COMMENTS, a.DATA_TYPE, a.DATA_LENGTH, a.NULLABLE
--FROM  USER_TAB_COLUMNS a, USER_COL_COMMENTS b, USER_TAB_COMMENTS c
--where a.TABLE_NAME=b.TABLE_NAME
--    and b.TABLE_NAME=c.TABLE_NAME
--    and a.COLUMN_NAME=b.COLUMN_NAME
--order by a.TABLE_NAME,a.COLUMN_ID;